{"initial_reset_timestamp": 1543470569.1014187, "timestamps": [1543470569.726699, 1543470570.2002013, 1543470570.2950418, 1543470570.312308, 1543470570.3321202, 1543470570.347199, 1543470570.3647556, 1543470570.3847497, 1543470570.6220324, 1543470570.6848445, 1543470570.7311938, 1543470570.7769895, 1543470570.826897, 1543470570.844607, 1543470570.8616946, 1543470570.8873177, 1543470570.9060688, 1543470570.9265628, 1543470570.95422, 1543470570.9777353, 1543470570.9998758, 1543470571.089895, 1543470571.110928, 1543470571.1550612, 1543470571.2736366, 1543470571.383073, 1543470571.48823, 1543470572.214131, 1543470572.3801494, 1543470572.4353743, 1543470572.4582782, 1543470572.6084728, 1543470572.689734, 1543470572.8285716, 1543470572.9926653, 1543470573.1009955, 1543470573.1949573, 1543470573.4103427, 1543470573.548542, 1543470573.7812524, 1543470573.9041953, 1543470574.1540983, 1543470574.4198186, 1543470574.6169662, 1543470574.7704043, 1543470575.0917153, 1543470575.3243861, 1543470575.6114945, 1543470575.7624152, 1543470576.0016308, 1543470576.3325381, 1543470576.5984244, 1543470576.8308754, 1543470577.0963945, 1543470577.2384353, 1543470577.3833528, 1543470577.6512222, 1543470577.8545883, 1543470578.051687, 1543470578.27301, 1543470578.4772646, 1543470578.7396345, 1543470579.0584168, 1543470579.2766814, 1543470582.6289995, 1543470582.9829218, 1543470583.1630812, 1543470583.540538, 1543470583.8554568, 1543470584.1371891, 1543470584.4416025, 1543470584.8031838, 1543470585.173295, 1543470585.5444071, 1543470585.742122, 1543470586.0130541, 1543470586.2924764, 1543470586.6275692, 1543470586.838303, 1543470587.1138892, 1543470587.4680357, 1543470587.7733357, 1543470588.0516465, 1543470588.3149695, 1543470588.5840273, 1543470588.9620385, 1543470589.3335023, 1543470589.7145312, 1543470590.0826535, 1543470590.4613922, 1543470590.7214434, 1543470591.093671, 1543470591.4754, 1543470591.8557532, 1543470592.2362816, 1543470592.5371335, 1543470592.7721615, 1543470593.1505995, 1543470593.450076, 1543470593.7381382, 1543470593.962267, 1543470594.1827657, 1543470594.381449, 1543470594.7658403, 1543470595.1432097, 1543470595.5236804, 1543470595.9294915, 1543470596.3439496, 1543470596.719747, 1543470597.0914357, 1543470597.4657652, 1543470597.8507304, 1543470598.2064958, 1543470598.5784035, 1543470598.9512973, 1543470599.3230157, 1543470599.611892, 1543470599.989439, 1543470600.374892, 1543470600.746091, 1543470601.1167946, 1543470601.487769, 1543470601.8139272, 1543470602.1727178, 1543470602.54269, 1543470605.92108, 1543470606.3853996, 1543470606.7161787, 1543470607.0660615, 1543470607.4369261, 1543470607.8090553, 1543470608.1830235, 1543470608.5643668, 1543470608.9420242, 1543470609.319109, 1543470609.69844, 1543470610.0747917, 1543470610.4402244, 1543470610.807947, 1543470611.1724596, 1543470611.5400827, 1543470611.905003, 1543470612.2732475, 1543470612.6481547, 1543470613.0144475, 1543470613.3967671, 1543470613.6512656, 1543470614.0639818, 1543470614.43471, 1543470614.8052843, 1543470615.1752164, 1543470615.4654295, 1543470615.8419316, 1543470616.2144122, 1543470616.499488, 1543470616.870221, 1543470617.157063, 1543470617.5305207, 1543470617.9057622, 1543470618.2254603, 1543470618.6008904, 1543470618.9687023, 1543470619.3321357, 1543470619.7020578, 1543470620.0683148, 1543470620.4321244, 1543470620.799462, 1543470621.1641073, 1543470621.5316248, 1543470621.8959146, 1543470622.2616813, 1543470622.6264238, 1543470622.9927125, 1543470623.3557436, 1543470623.7200875, 1543470624.0847552, 1543470624.4619951, 1543470624.8265948, 1543470625.1899219, 1543470625.5561094, 1543470625.9173763, 1543470626.2862124, 1543470626.5781262, 1543470626.9434547, 1543470627.3080406, 1543470627.6614203, 1543470628.0272522, 1543470628.3898778, 1543470628.7463162, 1543470629.1117356, 1543470629.4805665, 1543470629.8456852, 1543470630.2128065, 1543470630.5875273, 1543470630.9376757, 1543470631.2451613, 1543470631.5383713, 1543470631.912031, 1543470632.2065403, 1543470632.58351, 1543470632.9536536, 1543470633.3052216, 1543470633.6759977, 1543470634.0603228, 1543470634.4272096, 1543470634.80237, 1543470635.1725209, 1543470635.5213475, 1543470635.885344, 1543470636.2540681, 1543470636.6188588, 1543470636.9640894, 1543470637.3322358, 1543470637.6974943, 1543470638.067152, 1543470638.3802373, 1543470641.261618, 1543470641.7138743, 1543470642.1033423, 1543470642.4981174, 1543470642.8376453, 1543470643.20746, 1543470643.5814214, 1543470643.9506042, 1543470644.3274553, 1543470644.6991801, 1543470645.072546, 1543470645.4467447, 1543470645.8004804, 1543470646.1332805, 1543470646.5061297, 1543470646.8754606, 1543470647.2495058, 1543470647.620272, 1543470647.9484215, 1543470648.3188674, 1543470648.7003598, 1543470649.07464, 1543470649.4034479, 1543470649.7154357, 1543470650.1508474, 1543470650.5665386, 1543470651.043829, 1543470651.427217, 1543470651.7398934, 1543470652.0185614, 1543470652.5379984, 1543470652.8336592, 1543470653.3136485, 1543470653.6369884, 1543470653.9419088, 1543470654.2240515, 1543470654.5497072, 1543470654.8083162, 1543470655.1674654, 1543470655.5512087, 1543470655.9589949, 1543470656.371886, 1543470656.6615596, 1543470657.0856495, 1543470657.449344, 1543470657.8145363, 1543470658.1777518, 1543470658.391528, 1543470658.7856746, 1543470659.1661968, 1543470659.448675, 1543470659.815171, 1543470660.1103141, 1543470660.489772, 1543470660.7960079, 1543470661.307452, 1543470661.6655273, 1543470661.9907944, 1543470662.2329044, 1543470662.544806, 1543470662.8172, 1543470663.084357, 1543470663.450356, 1543470663.7682197, 1543470664.0688949, 1543470664.3666337, 1543470664.6701074, 1543470665.091019, 1543470665.4547153, 1543470665.8225205, 1543470666.1844616, 1543470666.5891032, 1543470666.9987507, 1543470667.3841298, 1543470667.7960079, 1543470668.033282, 1543470668.296524, 1543470668.5964959, 1543470668.9683645, 1543470669.2569156, 1543470669.5130632, 1543470669.8853931, 1543470670.2500544, 1543470670.6454272], "episode_lengths": [10, 23, 12, 9, 10, 8, 9, 10, 10, 10, 24, 24, 26, 9, 9, 14, 10, 10, 13, 12, 11, 46, 11, 23, 60, 57, 54, 41, 37, 28, 12, 80, 43, 76, 88, 59, 50, 114, 71, 122, 64, 119, 108, 95, 85, 177, 124, 158, 83, 132, 183, 140, 128, 148, 77, 81, 147, 112, 108, 122, 113, 145, 176, 121, 198, 143, 99, 200, 165, 149, 157, 196, 200, 200, 106, 147, 151, 182, 114, 149, 190, 164, 150, 142, 140, 200, 200, 200, 200, 200, 139, 200, 200, 200, 200, 158, 123, 200, 156, 153, 110, 118, 103, 200, 200, 200, 200, 200, 200, 200, 200, 200, 192, 200, 200, 200, 157, 200, 200, 200, 200, 200, 177, 195, 200, 200, 200, 173, 188, 200, 200, 200, 200, 200, 200, 200, 200, 200, 200, 200, 200, 200, 200, 200, 200, 200, 131, 200, 200, 200, 200, 155, 200, 200, 153, 200, 154, 200, 200, 173, 200, 200, 200, 200, 200, 200, 200, 200, 200, 200, 200, 200, 200, 200, 200, 200, 200, 200, 200, 200, 200, 200, 159, 200, 200, 195, 200, 200, 194, 200, 200, 200, 200, 200, 192, 167, 158, 200, 159, 200, 200, 189, 200, 200, 200, 200, 200, 190, 200, 200, 199, 189, 200, 200, 200, 171, 170, 191, 200, 200, 182, 200, 200, 200, 195, 200, 200, 200, 188, 178, 200, 200, 200, 200, 174, 198, 200, 200, 167, 157, 200, 200, 200, 200, 135, 149, 200, 155, 185, 167, 141, 133, 174, 141, 197, 200, 200, 175, 158, 200, 200, 200, 200, 117, 194, 197, 153, 200, 137, 200, 168, 200, 158, 177, 132, 171, 148, 146, 200, 164, 164, 163, 143, 160, 200, 200, 171, 188, 200, 180, 200, 127, 138, 140, 200, 145, 135, 200, 200, 200],